0,1,2,3,4,5,6,7,8,9,10,11,12,13,14,15,16,17,18,19,20,21,22,23,IATA
0.0,0.024390243902439025,0.04878048780487805,0.04878048780487805,0.0975609756097561,0.0975609756097561,0.24390243902439024,0.17073170731707318,0.0,0.0,0.04878048780487805,0.024390243902439025,0.04878048780487805,0.07317073170731707,0.04878048780487805,0.0,0.0,0.0,0.0,0.0,0.0,0.0,0.0,0.024390243902439025,AAT
0.07246376811594203,0.10144927536231885,0.043478260869565216,0.057971014492753624,0.11594202898550725,0.10144927536231885,0.043478260869565216,0.014492753623188406,0.07246376811594203,0.07246376811594203,0.07246376811594203,0.014492753623188406,0.014492753623188406,0.07246376811594203,0.08695652173913043,0.0,0.0,0.0,0.0,0.0,0.0,0.0,0.014492753623188406,0.028985507246376812,ACX
0.0,0.0,0.16666666666666666,0.16666666666666666,0.0,0.0,0.0,0.0,0.3333333333333333,0.0,0.3333333333333333,0.0,0.0,0.0,0.0,0.0,0.0,0.0,0.0,0.0,0.0,0.0,0.0,0.0,AEB
0.23529411764705882,0.17647058823529413,0.0,0.0,0.0,0.0,0.11764705882352941,0.0,0.23529411764705882,0.11764705882352941,0.0,0.0,0.0,0.0,0.0,0.0,0.0,0.0,0.0,0.0,0.0,0.0,0.0,0.11764705882352941,AHJ
0.046296296296296294,0.09259259259259259,0.027777777777777776,0.0,0.018518518518518517,0.07407407407407407,0.10185185185185185,0.12962962962962962,0.06481481481481481,0.09259259259259259,0.1111111111111111,0.09259259259259259,0.009259259259259259,0.018518518518518517,0.06481481481481481,0.037037037037037035,0.0,0.0,0.0,0.0,0.0,0.0,0.0,0.018518518518518517,AKU
0.025,0.125,0.125,0.075,0.075,0.075,0.1,0.05,0.025,0.075,0.05,0.05,0.0,0.0,0.0,0.0,0.0,0.0,0.0,0.0,0.0,0.0,0.05,0.1,AQG
0.0,0.05555555555555555,0.16666666666666666,0.2222222222222222,0.0,0.05555555555555555,0.0,0.0,0.05555555555555555,0.05555555555555555,0.1111111111111111,0.16666666666666666,0.05555555555555555,0.0,0.0,0.0,0.0,0.0,0.0,0.0,0.0,0.0,0.0,0.05555555555555555,AVA
0.04,0.12,0.16,0.04,0.2,0.2,0.08,0.0,0.0,0.0,0.12,0.0,0.0,0.0,0.0,0.0,0.0,0.0,0.0,0.0,0.0,0.0,0.0,0.04,AXF
0.0,0.0,0.0,0.0,0.0,0.0,0.0,0.0,0.5,0.5,0.0,0.0,0.0,0.0,0.0,0.0,0.0,0.0,0.0,0.0,0.0,0.0,0.0,0.0,BAR
0.05714285714285714,0.08571428571428572,0.04285714285714286,0.04285714285714286,0.11428571428571428,0.04285714285714286,0.1,0.07142857142857142,0.04285714285714286,0.07142857142857142,0.05714285714285714,0.11428571428571428,0.04285714285714286,0.04285714285714286,0.014285714285714285,0.014285714285714285,0.0,0.0,0.0,0.0,0.0,0.0,0.014285714285714285,0.02857142857142857,BAV
0.09090909090909091,0.06060606060606061,0.0707070707070707,0.06060606060606061,0.050505050505050504,0.09090909090909091,0.08080808080808081,0.16161616161616163,0.1111111111111111,0.04040404040404041,0.050505050505050504,0.020202020202020204,0.030303030303030304,0.030303030303030304,0.010101010101010102,0.0,0.0,0.0,0.0,0.0,0.0,0.0,0.010101010101010102,0.030303030303030304,BFJ
0.020202020202020204,0.050505050505050504,0.010101010101010102,0.04040404040404041,0.0707070707070707,0.18181818181818182,0.1919191919191919,0.10101010101010101,0.1414141414141414,0.030303030303030304,0.020202020202020204,0.010101010101010102,0.020202020202020204,0.04040404040404041,0.030303030303030304,0.020202020202020204,0.0,0.0,0.0,0.0,0.0,0.0,0.0,0.020202020202020204,BHY
0.10869565217391304,0.10869565217391304,0.0,0.0,0.06521739130434782,0.13043478260869565,0.08695652173913043,0.043478260869565216,0.15217391304347827,0.0,0.08695652173913043,0.021739130434782608,0.043478260869565216,0.08695652173913043,0.043478260869565216,0.0,0.0,0.0,0.0,0.0,0.0,0.0,0.0,0.021739130434782608,BPE
0.0,0.125,0.09375,0.09375,0.03125,0.03125,0.09375,0.1875,0.09375,0.0,0.0625,0.0625,0.0625,0.03125,0.03125,0.0,0.0,0.0,0.0,0.0,0.0,0.0,0.0,0.0,BPL
0.24,0.44,0.28,0.0,0.0,0.0,0.0,0.0,0.0,0.0,0.0,0.0,0.0,0.0,0.0,0.0,0.0,0.0,0.0,0.0,0.0,0.0,0.0,0.04,BPX
0.04878048780487805,0.0975609756097561,0.04878048780487805,0.0,0.0975609756097561,0.04878048780487805,0.07317073170731707,0.04878048780487805,0.0975609756097561,0.024390243902439025,0.04878048780487805,0.0,0.07317073170731707,0.0975609756097561,0.07317073170731707,0.04878048780487805,0.0,0.0,0.0,0.0,0.0,0.0,0.024390243902439025,0.04878048780487805,BSD
0.25,0.0,0.0,0.0,0.125,0.125,0.0,0.0,0.0,0.375,0.0,0.0,0.0,0.0,0.0,0.0,0.0,0.0,0.0,0.0,0.0,0.0,0.0,0.125,BZX
0.04080267558528428,0.05819397993311037,0.06889632107023412,0.06421404682274247,0.05150501672240803,0.05618729096989967,0.05150501672240803,0.04882943143812709,0.05150501672240803,0.05351170568561873,0.06354515050167224,0.0548494983277592,0.06421404682274247,0.06354515050167224,0.056856187290969896,0.05150501672240803,0.0013377926421404682,0.0006688963210702341,0.0006688963210702341,0.0,0.0006688963210702341,0.004013377926421404,0.03745819397993311,0.05551839464882943,CAN
0.1,0.2,0.0,0.0,0.1,0.0,0.2,0.1,0.0,0.0,0.0,0.2,0.1,0.0,0.0,0.0,0.0,0.0,0.0,0.0,0.0,0.0,0.0,0.0,CDE
0.034482758620689655,0.05172413793103448,0.017241379310344827,0.08620689655172414,0.06896551724137931,0.06896551724137931,0.08620689655172414,0.08620689655172414,0.017241379310344827,0.05172413793103448,0.017241379310344827,0.08620689655172414,0.06896551724137931,0.13793103448275862,0.034482758620689655,0.017241379310344827,0.0,0.0,0.0,0.0,0.0,0.0,0.017241379310344827,0.05172413793103448,CGD
0.0475799835931091,0.0844954881050041,0.07383100902378999,0.05988515176374077,0.06070549630844955,0.062346185397867106,0.06808859721082855,0.06398687448728466,0.07219031993437244,0.06726825266611977,0.054963084495488104,0.06480721903199343,0.052502050861361775,0.05004101722723544,0.02871205906480722,0.022149302707136997,0.0,0.0,0.0,0.0,0.0,0.0,0.01804757998359311,0.04840032813781788,CGO
0.04529616724738676,0.04529616724738676,0.0313588850174216,0.06097560975609756,0.10278745644599303,0.09233449477351917,0.09407665505226481,0.078397212543554,0.07317073170731707,0.06794425087108014,0.059233449477351915,0.05400696864111498,0.06620209059233449,0.041811846689895474,0.02264808362369338,0.02264808362369338,0.0,0.0,0.0,0.0,0.0,0.0,0.0,0.041811846689895474,CGQ
0.08333333333333333,0.0,0.08333333333333333,0.0,0.25,0.0,0.0,0.3333333333333333,0.0,0.0,0.0,0.0,0.0,0.0,0.0,0.0,0.0,0.0,0.0,0.0,0.0,0.0,0.08333333333333333,0.16666666666666666,CHG
0.050505050505050504,0.08080808080808081,0.06060606060606061,0.04040404040404041,0.04040404040404041,0.09090909090909091,0.050505050505050504,0.09090909090909091,0.09090909090909091,0.1111111111111111,0.0707070707070707,0.06060606060606061,0.09090909090909091,0.020202020202020204,0.030303030303030304,0.010101010101010102,0.0,0.0,0.0,0.0,0.0,0.0,0.010101010101010102,0.0,CIF
0.041666666666666664,0.0625,0.125,0.08333333333333333,0.020833333333333332,0.0625,0.08333333333333333,0.041666666666666664,0.08333333333333333,0.0625,0.125,0.020833333333333332,0.041666666666666664,0.08333333333333333,0.041666666666666664,0.0,0.0,0.0,0.0,0.0,0.0,0.0,0.0,0.020833333333333332,CIH
0.06588498045784479,0.05527638190954774,0.057509771077610274,0.0446677833612507,0.053042992741485204,0.06030150753768844,0.07146845337800112,0.048576214405360134,0.053042992741485204,0.05360134003350084,0.05471803461753211,0.051926298157453935,0.0513679508654383,0.06420993858179788,0.04913456169737577,0.0480178671133445,0.0,0.0,0.0,0.0,0.0,0.0016750418760469012,0.05025125628140704,0.06532663316582915,CKG
0.0649746192893401,0.0649746192893401,0.06091370558375635,0.05177664974619289,0.05786802030456853,0.0649746192893401,0.0649746192893401,0.06700507614213198,0.06395939086294417,0.06903553299492386,0.06903553299492386,0.05482233502538071,0.05989847715736041,0.05380710659898477,0.04263959390862944,0.03248730964467005,0.0,0.0,0.0,0.0,0.0,0.0,0.015228426395939087,0.0416243654822335,CSX
0.05514912774338773,0.06133933595948227,0.057400112549240295,0.05852560495216657,0.05852560495216657,0.05289814293753517,0.04389420371412493,0.05289814293753517,0.06696679797411367,0.06302757456387169,0.057962858750703436,0.05571187394485087,0.05402363534046145,0.04558244231851435,0.037703995498030385,0.04220596510973551,0.0,0.0,0.0016882386043894203,0.0022509848058525606,0.0005627462014631402,0.009566685424873381,0.05965109735509285,0.062464828362408555,CTU
0.08333333333333333,0.08333333333333333,0.08333333333333333,0.0,0.16666666666666666,0.08333333333333333,0.0,0.08333333333333333,0.0,0.08333333333333333,0.08333333333333333,0.0,0.08333333333333333,0.0,0.08333333333333333,0.0,0.0,0.0,0.0,0.0,0.0,0.0,0.0,0.08333333333333333,CWJ
0.02926829268292683,0.08292682926829269,0.0975609756097561,0.04878048780487805,0.08292682926829269,0.04390243902439024,0.07804878048780488,0.024390243902439025,0.06829268292682927,0.05365853658536585,0.05853658536585366,0.08780487804878048,0.08780487804878048,0.04878048780487805,0.04878048780487805,0.004878048780487805,0.0,0.0,0.0,0.0,0.0,0.0,0.00975609756097561,0.04390243902439024,CZX
0.056451612903225805,0.08064516129032258,0.04838709677419355,0.07258064516129033,0.08064516129032258,0.04032258064516129,0.06451612903225806,0.08064516129032258,0.04032258064516129,0.024193548387096774,0.04032258064516129,0.11290322580645161,0.12096774193548387,0.07258064516129033,0.008064516129032258,0.0,0.0,0.0,0.0,0.0,0.0,0.0,0.024193548387096774,0.03225806451612903,DAT
0.038461538461538464,0.11538461538461539,0.038461538461538464,0.07692307692307693,0.11538461538461539,0.0,0.07692307692307693,0.19230769230769232,0.038461538461538464,0.15384615384615385,0.15384615384615385,0.0,0.0,0.0,0.0,0.0,0.0,0.0,0.0,0.0,0.0,0.0,0.0,0.0,DAX
0.0,1.0,0.0,0.0,0.0,0.0,0.0,0.0,0.0,0.0,0.0,0.0,0.0,0.0,0.0,0.0,0.0,0.0,0.0,0.0,0.0,0.0,0.0,0.0,DBC
0.3235294117647059,0.29411764705882354,0.058823529411764705,0.17647058823529413,0.11764705882352941,0.0,0.0,0.0,0.0,0.0,0.0,0.0,0.0,0.0,0.0,0.0,0.0,0.0,0.0,0.0,0.0,0.0,0.0,0.029411764705882353,DCY
0.0,0.0,0.0,0.0,0.0,0.0,0.1111111111111111,0.2222222222222222,0.3333333333333333,0.2222222222222222,0.05555555555555555,0.05555555555555555,0.0,0.0,0.0,0.0,0.0,0.0,0.0,0.0,0.0,0.0,0.0,0.0,DDG
0.20512820512820512,0.20512820512820512,0.05128205128205128,0.05128205128205128,0.02564102564102564,0.02564102564102564,0.0,0.10256410256410256,0.02564102564102564,0.1282051282051282,0.07692307692307693,0.0,0.0,0.02564102564102564,0.05128205128205128,0.02564102564102564,0.0,0.0,0.0,0.0,0.0,0.0,0.0,0.0,DIG
0.061246040126715945,0.054910242872228086,0.03907074973600845,0.054910242872228086,0.06441393875395987,0.06335797254487856,0.06546990496304118,0.08764519535374868,0.06441393875395987,0.05174234424498416,0.046462513199577615,0.0665258711721225,0.08025343189017951,0.046462513199577615,0.05279831045406547,0.03273495248152059,0.0,0.0,0.0,0.0,0.0,0.0,0.01689545934530095,0.050686378035902854,DLC
0.07575757575757576,0.07575757575757576,0.16666666666666666,0.12121212121212122,0.0,0.015151515151515152,0.10606060606060606,0.06060606060606061,0.06060606060606061,0.045454545454545456,0.10606060606060606,0.09090909090909091,0.0,0.0,0.0,0.045454545454545456,0.0,0.0,0.0,0.0,0.0,0.0,0.0,0.030303030303030304,DLU
0.031746031746031744,0.031746031746031744,0.031746031746031744,0.031746031746031744,0.25396825396825395,0.07936507936507936,0.047619047619047616,0.047619047619047616,0.19047619047619047,0.06349206349206349,0.015873015873015872,0.0,0.0,0.0,0.07936507936507936,0.07936507936507936,0.0,0.0,0.0,0.0,0.0,0.0,0.0,0.015873015873015872,DNH
0.034482758620689655,0.06896551724137931,0.08620689655172414,0.1206896551724138,0.20689655172413793,0.0,0.05172413793103448,0.06896551724137931,0.017241379310344827,0.15517241379310345,0.13793103448275862,0.017241379310344827,0.0,0.017241379310344827,0.017241379310344827,0.0,0.0,0.0,0.0,0.0,0.0,0.0,0.0,0.0,DOY
0.08333333333333333,0.0,0.0,0.08333333333333333,0.125,0.08333333333333333,0.08333333333333333,0.20833333333333334,0.125,0.0,0.0,0.0,0.0,0.125,0.041666666666666664,0.0,0.0,0.0,0.0,0.0,0.0,0.0,0.0,0.041666666666666664,DQA
0.03870967741935484,0.03870967741935484,0.025806451612903226,0.05161290322580645,0.11612903225806452,0.10967741935483871,0.07096774193548387,0.05161290322580645,0.1032258064516129,0.05806451612903226,0.07096774193548387,0.025806451612903226,0.05161290322580645,0.1032258064516129,0.04516129032258064,0.01935483870967742,0.0,0.0,0.0,0.0,0.0,0.0,0.0064516129032258064,0.012903225806451613,DSN
0.0,0.125,0.25,0.125,0.0,0.0,0.0,0.0,0.125,0.25,0.125,0.0,0.0,0.0,0.0,0.0,0.0,0.0,0.0,0.0,0.0,0.0,0.0,0.0,DTU
0.014388489208633094,0.07194244604316546,0.06474820143884892,0.050359712230215826,0.05755395683453238,0.05755395683453238,0.10071942446043165,0.04316546762589928,0.08633093525179857,0.07194244604316546,0.050359712230215826,0.09352517985611511,0.02877697841726619,0.03597122302158273,0.06474820143884892,0.07194244604316546,0.007194244604316547,0.0,0.0,0.0,0.0,0.0,0.007194244604316547,0.02158273381294964,DYG
0.0,0.0,0.0,0.3333333333333333,0.3333333333333333,0.0,0.0,0.0,0.3333333333333333,0.0,0.0,0.0,0.0,0.0,0.0,0.0,0.0,0.0,0.0,0.0,0.0,0.0,0.0,0.0,EJN
0.06382978723404255,0.02127659574468085,0.06382978723404255,0.0,0.06382978723404255,0.06382978723404255,0.0425531914893617,0.10638297872340426,0.06382978723404255,0.10638297872340426,0.1276595744680851,0.0425531914893617,0.06382978723404255,0.0425531914893617,0.0425531914893617,0.0,0.02127659574468085,0.0,0.0,0.0,0.0,0.0,0.02127659574468085,0.0425531914893617,ENH
0.0,0.10526315789473684,0.02631578947368421,0.07894736842105263,0.23684210526315788,0.21052631578947367,0.02631578947368421,0.0,0.0,0.0,0.0,0.05263157894736842,0.05263157894736842,0.02631578947368421,0.0,0.05263157894736842,0.0,0.0,0.0,0.0,0.0,0.02631578947368421,0.02631578947368421,0.07894736842105263,ENY
0.08333333333333333,0.08333333333333333,0.0,0.0,0.0,0.0,0.0,0.08333333333333333,0.08333333333333333,0.4166666666666667,0.08333333333333333,0.0,0.0,0.0,0.0,0.16666666666666666,0.0,0.0,0.0,0.0,0.0,0.0,0.0,0.0,ERL
0.048638132295719845,0.03696498054474708,0.038910505836575876,0.05058365758754864,0.0622568093385214,0.07782101167315175,0.07976653696498054,0.07003891050583658,0.06809338521400778,0.0622568093385214,0.06420233463035019,0.0622568093385214,0.048638132295719845,0.05058365758754864,0.03696498054474708,0.0622568093385214,0.0,0.0,0.0,0.0,0.0,0.0,0.0,0.07976653696498054,FOC
0.1206896551724138,0.1206896551724138,0.017241379310344827,0.10344827586206896,0.017241379310344827,0.10344827586206896,0.06896551724137931,0.05172413793103448,0.0,0.05172413793103448,0.034482758620689655,0.034482758620689655,0.10344827586206896,0.06896551724137931,0.0,0.0,0.0,0.0,0.0,0.0,0.0,0.0,0.06896551724137931,0.034482758620689655,FUG
0.14285714285714285,0.03571428571428571,0.0,0.10714285714285714,0.10714285714285714,0.03571428571428571,0.07142857142857142,0.07142857142857142,0.0,0.03571428571428571,0.07142857142857142,0.03571428571428571,0.07142857142857142,0.07142857142857142,0.10714285714285714,0.0,0.0,0.0,0.0,0.0,0.0,0.0,0.0,0.03571428571428571,FUO
0.0,0.0,0.0,0.0,1.0,0.0,0.0,0.0,0.0,0.0,0.0,0.0,0.0,0.0,0.0,0.0,0.0,0.0,0.0,0.0,0.0,0.0,0.0,0.0,FYJ
0.0,0.0,0.0,0.0,0.125,0.125,0.0,0.0,0.25,0.25,0.25,0.0,0.0,0.0,0.0,0.0,0.0,0.0,0.0,0.0,0.0,0.0,0.0,0.0,FYN
0.0,0.16666666666666666,0.8333333333333334,0.0,0.0,0.0,0.0,0.0,0.0,0.0,0.0,0.0,0.0,0.0,0.0,0.0,0.0,0.0,0.0,0.0,0.0,0.0,0.0,0.0,GMQ
0.05555555555555555,0.1111111111111111,0.0,0.1111111111111111,0.1111111111111111,0.0,0.16666666666666666,0.05555555555555555,0.0,0.05555555555555555,0.0,0.16666666666666666,0.0,0.1111111111111111,0.05555555555555555,0.0,0.0,0.0,0.0,0.0,0.0,0.0,0.0,0.0,GOQ
0.0,0.42105263157894735,0.0,0.0,0.10526315789473684,0.0,0.21052631578947367,0.10526315789473684,0.0,0.0,0.0,0.0,0.0,0.0,0.0,0.0,0.0,0.0,0.0,0.0,0.0,0.0,0.0,0.15789473684210525,GXH
0.125,0.0,0.08333333333333333,0.16666666666666666,0.041666666666666664,0.0,0.125,0.041666666666666664,0.0,0.125,0.0,0.041666666666666664,0.08333333333333333,0.0,0.125,0.0,0.0,0.0,0.0,0.0,0.0,0.0,0.041666666666666664,0.0,GYS
0.06666666666666667,0.13333333333333333,0.06666666666666667,0.03333333333333333,0.06666666666666667,0.03333333333333333,0.0,0.03333333333333333,0.0,0.13333333333333333,0.1,0.0,0.06666666666666667,0.13333333333333333,0.06666666666666667,0.03333333333333333,0.0,0.0,0.0,0.0,0.0,0.0,0.03333333333333333,0.0,GYU
0.04134762633996937,0.05206738131699847,0.04900459418070444,0.04747320061255743,0.06584992343032159,0.07656967840735068,0.06891271056661562,0.07197549770290965,0.07656967840735068,0.06278713629402756,0.07044410413476264,0.06125574272588055,0.036753445635528334,0.033690658499234305,0.04747320061255743,0.05359877488514548,0.0015313935681470138,0.0,0.0,0.0,0.0,0.0,0.039816232771822356,0.042879019908116385,HAK
0.0,0.0,0.0,0.0,0.5,0.5,0.0,0.0,0.0,0.0,0.0,0.0,0.0,0.0,0.0,0.0,0.0,0.0,0.0,0.0,0.0,0.0,0.0,0.0,HBQ
0.0,0.0,0.5,0.5,0.0,0.0,0.0,0.0,0.0,0.0,0.0,0.0,0.0,0.0,0.0,0.0,0.0,0.0,0.0,0.0,0.0,0.0,0.0,0.0,HCJ
0.0847457627118644,0.03389830508474576,0.06779661016949153,0.05084745762711865,0.01694915254237288,0.0847457627118644,0.13559322033898305,0.05084745762711865,0.0847457627118644,0.0847457627118644,0.05084745762711865,0.03389830508474576,0.05084745762711865,0.05084745762711865,0.05084745762711865,0.05084745762711865,0.0,0.0,0.0,0.0,0.0,0.0,0.01694915254237288,0.0,HDG
0.0,0.0,0.0,0.15384615384615385,0.15384615384615385,0.0,0.3076923076923077,0.0,0.07692307692307693,0.0,0.15384615384615385,0.15384615384615385,0.0,0.0,0.0,0.0,0.0,0.0,0.0,0.0,0.0,0.0,0.0,0.0,HEK
0.042735042735042736,0.04131054131054131,0.05982905982905983,0.07407407407407407,0.07264957264957266,0.08262108262108261,0.0754985754985755,0.06267806267806268,0.06267806267806268,0.0641025641025641,0.06837606837606838,0.0641025641025641,0.06695156695156695,0.038461538461538464,0.04415954415954416,0.02849002849002849,0.0,0.0,0.0,0.0,0.0,0.0014245014245014246,0.008547008547008548,0.04131054131054131,HET
0.033628318584070796,0.05132743362831858,0.047787610619469026,0.06371681415929203,0.06725663716814159,0.06017699115044248,0.09380530973451327,0.04601769911504425,0.07079646017699115,0.07610619469026549,0.08141592920353982,0.04601769911504425,0.07079646017699115,0.07079646017699115,0.03716814159292035,0.02654867256637168,0.0,0.0,0.0,0.0035398230088495575,0.0,0.0,0.019469026548672566,0.033628318584070796,HFE
0.046849757673667204,0.05492730210016155,0.05331179321486268,0.05735056542810985,0.06058158319870759,0.0630048465266559,0.05492730210016155,0.051696284329563816,0.06704361873990307,0.06785137318255251,0.05250403877221325,0.06381260096930533,0.049273021001615507,0.061389337641357025,0.05088852988691438,0.0395799676898223,0.0,0.0,0.0016155088852988692,0.0,0.0008077544426494346,0.0016155088852988692,0.04038772213247173,0.06058158319870759,HGH
0.03389830508474576,0.0847457627118644,0.11864406779661017,0.059322033898305086,0.03389830508474576,0.025423728813559324,0.06779661016949153,0.03389830508474576,0.059322033898305086,0.06779661016949153,0.09322033898305085,0.09322033898305085,0.05084745762711865,0.07627118644067797,0.03389830508474576,0.01694915254237288,0.0,0.0,0.0,0.0,0.0,0.0,0.01694915254237288,0.03389830508474576,HIA
0.043478260869565216,0.17391304347826086,0.08695652173913043,0.043478260869565216,0.08695652173913043,0.10869565217391304,0.043478260869565216,0.08695652173913043,0.10869565217391304,0.0,0.0,0.043478260869565216,0.043478260869565216,0.0,0.06521739130434782,0.0,0.0,0.0,0.0,0.0,0.0,0.0,0.021739130434782608,0.043478260869565216,HJJ
0.034722222222222224,0.041666666666666664,0.006944444444444444,0.05555555555555555,0.1111111111111111,0.06944444444444445,0.0625,0.0625,0.11805555555555555,0.09722222222222222,0.1111111111111111,0.06944444444444445,0.041666666666666664,0.04861111111111111,0.027777777777777776,0.013888888888888888,0.0,0.0,0.0,0.0,0.0,0.0,0.006944444444444444,0.020833333333333332,HLD
0.05555555555555555,0.1111111111111111,0.05555555555555555,0.05555555555555555,0.05555555555555555,0.09259259259259259,0.16666666666666666,0.1111111111111111,0.05555555555555555,0.018518518518518517,0.018518518518518517,0.05555555555555555,0.05555555555555555,0.037037037037037035,0.037037037037037035,0.0,0.0,0.0,0.0,0.0,0.0,0.0,0.0,0.018518518518518517,HLH
0.0,0.125,0.125,0.125,0.125,0.0,0.0,0.0,0.0,0.0,0.0,0.125,0.125,0.0,0.125,0.125,0.0,0.0,0.0,0.0,0.0,0.0,0.0,0.0,HMI
0.019230769230769232,0.0673076923076923,0.038461538461538464,0.07692307692307693,0.0673076923076923,0.1346153846153846,0.028846153846153848,0.0673076923076923,0.11538461538461539,0.0673076923076923,0.07692307692307693,0.08653846153846154,0.07692307692307693,0.038461538461538464,0.0,0.009615384615384616,0.0,0.0,0.0,0.0,0.0,0.0,0.009615384615384616,0.019230769230769232,HNY
0.0,0.0,0.0,0.0,0.5,0.5,0.0,0.0,0.0,0.0,0.0,0.0,0.0,0.0,0.0,0.0,0.0,0.0,0.0,0.0,0.0,0.0,0.0,0.0,HPG
0.06101344364012409,0.05894519131334023,0.038262668045501554,0.05480868665977249,0.07445708376421924,0.05894519131334023,0.05687693898655636,0.04963805584281282,0.052740434332988625,0.06101344364012409,0.06101344364012409,0.05377456049638056,0.06308169596690796,0.050672182006204755,0.05480868665977249,0.050672182006204755,0.0,0.0,0.0,0.0,0.0,0.0,0.05170630816959669,0.047569803516028956,HRB
0.13333333333333333,0.14444444444444443,0.044444444444444446,0.18888888888888888,0.05555555555555555,0.03333333333333333,0.022222222222222223,0.0,0.05555555555555555,0.05555555555555555,0.06666666666666667,0.08888888888888889,0.044444444444444446,0.022222222222222223,0.0,0.0,0.0,0.0,0.0,0.0,0.0,0.0,0.044444444444444446,0.0,HSN
0.025974025974025976,0.11688311688311688,0.05194805194805195,0.0,0.0,0.03896103896103896,0.07792207792207792,0.14285714285714285,0.15584415584415584,0.012987012987012988,0.025974025974025976,0.03896103896103896,0.06493506493506493,0.06493506493506493,0.07792207792207792,0.1038961038961039,0.0,0.0,0.0,0.0,0.0,0.0,0.0,0.0,HTN
0.0,0.125,0.0,0.0,0.25,0.125,0.0,0.0,0.25,0.25,0.0,0.0,0.0,0.0,0.0,0.0,0.0,0.0,0.0,0.0,0.0,0.0,0.0,0.0,HTT
0.15384615384615385,0.07692307692307693,0.0,0.23076923076923078,0.0,0.38461538461538464,0.07692307692307693,0.0,0.0,0.0,0.0,0.0,0.0,0.0,0.0,0.0,0.0,0.0,0.0,0.0,0.0,0.0,0.0,0.07692307692307693,HUO
0.049586776859504134,0.024793388429752067,0.06611570247933884,0.04132231404958678,0.0743801652892562,0.10743801652892562,0.08264462809917356,0.08264462809917356,0.11570247933884298,0.049586776859504134,0.04132231404958678,0.08264462809917356,0.0743801652892562,0.008264462809917356,0.0743801652892562,0.0,0.0,0.0,0.0,0.0,0.0,0.0,0.0,0.024793388429752067,HUZ
0.25,0.125,0.0,0.0,0.25,0.25,0.0,0.0,0.0,0.0,0.125,0.0,0.0,0.0,0.0,0.0,0.0,0.0,0.0,0.0,0.0,0.0,0.0,0.0,HXD
0.08064516129032258,0.06451612903225806,0.03225806451612903,0.016129032258064516,0.0967741935483871,0.08064516129032258,0.03225806451612903,0.12903225806451613,0.16129032258064516,0.04838709677419355,0.08064516129032258,0.03225806451612903,0.03225806451612903,0.016129032258064516,0.04838709677419355,0.04838709677419355,0.0,0.0,0.0,0.0,0.0,0.0,0.0,0.0,HYN
0.08333333333333333,0.027777777777777776,0.19444444444444445,0.1111111111111111,0.1388888888888889,0.08333333333333333,0.0,0.0,0.1111111111111111,0.0,0.08333333333333333,0.05555555555555555,0.05555555555555555,0.05555555555555555,0.0,0.0,0.0,0.0,0.0,0.0,0.0,0.0,0.0,0.0,HZG
0.0,0.5,0.5,0.0,0.0,0.0,0.0,0.0,0.0,0.0,0.0,0.0,0.0,0.0,0.0,0.0,0.0,0.0,0.0,0.0,0.0,0.0,0.0,0.0,HZH
0.049766718506998445,0.05598755832037325,0.03576982892690513,0.09020217729393468,0.08553654743390357,0.05132192846034215,0.05443234836702955,0.06998444790046657,0.05287713841368585,0.07620528771384137,0.11975116640746501,0.07620528771384137,0.04510108864696734,0.03110419906687403,0.038880248833592534,0.026438569206842923,0.0,0.0,0.0,0.0,0.0,0.0,0.015552099533437015,0.024883359253499222,INC
0.0,0.0,0.2,0.2,0.05,0.15,0.0,0.05,0.2,0.15,0.0,0.0,0.0,0.0,0.0,0.0,0.0,0.0,0.0,0.0,0.0,0.0,0.0,0.0,IQM
0.041666666666666664,0.0,0.125,0.0,0.125,0.08333333333333333,0.20833333333333334,0.08333333333333333,0.0,0.08333333333333333,0.16666666666666666,0.08333333333333333,0.0,0.0,0.0,0.0,0.0,0.0,0.0,0.0,0.0,0.0,0.0,0.0,IQN
0.022727272727272728,0.10227272727272728,0.11363636363636363,0.056818181818181816,0.022727272727272728,0.0,0.045454545454545456,0.0,0.06818181818181818,0.09090909090909091,0.0,0.03409090909090909,0.22727272727272727,0.06818181818181818,0.07954545454545454,0.03409090909090909,0.0,0.0,0.0,0.0,0.0,0.0,0.03409090909090909,0.0,JDZ
0.0,0.125,0.0625,0.125,0.3125,0.3125,0.0,0.0,0.0,0.0,0.0,0.0,0.0,0.0,0.0,0.0,0.0,0.0,0.0,0.0,0.0,0.0,0.0,0.0625,JGD
0.02631578947368421,0.05263157894736842,0.05263157894736842,0.0,0.15789473684210525,0.15789473684210525,0.05263157894736842,0.05263157894736842,0.10526315789473684,0.05263157894736842,0.05263157894736842,0.07894736842105263,0.0,0.07894736842105263,0.07894736842105263,0.0,0.0,0.0,0.0,0.0,0.0,0.0,0.0,0.0,JGN
0.0,0.1774193548387097,0.08064516129032258,0.06451612903225806,0.16129032258064516,0.12903225806451613,0.11290322580645161,0.016129032258064516,0.08064516129032258,0.03225806451612903,0.03225806451612903,0.03225806451612903,0.016129032258064516,0.0,0.0,0.0,0.0,0.0,0.0,0.0,0.0,0.0,0.0,0.06451612903225806,JGS
0.05851063829787234,0.05319148936170213,0.05319148936170213,0.10638297872340426,0.0851063829787234,0.0851063829787234,0.03723404255319149,0.047872340425531915,0.05851063829787234,0.0797872340425532,0.06914893617021277,0.031914893617021274,0.03723404255319149,0.0425531914893617,0.03723404255319149,0.03723404255319149,0.026595744680851064,0.0,0.0,0.0,0.0,0.0,0.015957446808510637,0.03723404255319149,JHG
0.0,0.0,0.16666666666666666,0.0,0.25,0.4166666666666667,0.16666666666666666,0.0,0.0,0.0,0.0,0.0,0.0,0.0,0.0,0.0,0.0,0.0,0.0,0.0,0.0,0.0,0.0,0.0,JIC
0.05,0.3,0.15,0.05,0.05,0.15,0.1,0.1,0.0,0.0,0.0,0.0,0.0,0.0,0.0,0.0,0.0,0.0,0.0,0.0,0.0,0.0,0.05,0.0,JIQ
0.09649122807017543,0.04678362573099415,0.043859649122807015,0.06725146198830409,0.05847953216374269,0.07309941520467836,0.06432748538011696,0.043859649122807015,0.038011695906432746,0.06140350877192982,0.06432748538011696,0.08771929824561403,0.06140350877192982,0.06432748538011696,0.011695906432748537,0.05263157894736842,0.0,0.0,0.0,0.0,0.0,0.0,0.017543859649122806,0.04678362573099415,JJN
0.21428571428571427,0.07142857142857142,0.07142857142857142,0.0,0.07142857142857142,0.07142857142857142,0.0,0.0,0.0,0.14285714285714285,0.07142857142857142,0.0,0.07142857142857142,0.07142857142857142,0.07142857142857142,0.0,0.0,0.0,0.0,0.0,0.0,0.0,0.0,0.07142857142857142,JMJ
0.041666666666666664,0.08333333333333333,0.08333333333333333,0.0,0.0,0.0,0.08333333333333333,0.08333333333333333,0.08333333333333333,0.125,0.08333333333333333,0.08333333333333333,0.16666666666666666,0.08333333333333333,0.0,0.0,0.0,0.0,0.0,0.0,0.0,0.0,0.0,0.0,JMU
0.0273972602739726,0.0547945205479452,0.0821917808219178,0.0684931506849315,0.1232876712328767,0.1506849315068493,0.0410958904109589,0.0,0.0410958904109589,0.0273972602739726,0.0,0.0958904109589041,0.0547945205479452,0.1506849315068493,0.0547945205479452,0.0,0.0,0.0,0.0,0.0,0.0,0.0,0.0,0.0273972602739726,JNG
0.0,0.0,0.09090909090909091,0.045454545454545456,0.09090909090909091,0.18181818181818182,0.09090909090909091,0.2727272727272727,0.18181818181818182,0.0,0.0,0.0,0.0,0.0,0.0,0.0,0.0,0.0,0.0,0.0,0.0,0.0,0.045454545454545456,0.0,JNZ
0.0,0.0,0.0,0.3333333333333333,0.5,0.0,0.0,0.0,0.16666666666666666,0.0,0.0,0.0,0.0,0.0,0.0,0.0,0.0,0.0,0.0,0.0,0.0,0.0,0.0,0.0,JSJ
0.06521739130434782,0.1956521739130435,0.021739130434782608,0.0,0.043478260869565216,0.13043478260869565,0.13043478260869565,0.06521739130434782,0.06521739130434782,0.0,0.06521739130434782,0.021739130434782608,0.043478260869565216,0.08695652173913043,0.043478260869565216,0.0,0.0,0.0,0.0,0.0,0.0,0.0,0.021739130434782608,0.0,JUH
0.0,0.0,0.0,0.0,0.08571428571428572,0.0,0.34285714285714286,0.11428571428571428,0.02857142857142857,0.11428571428571428,0.02857142857142857,0.02857142857142857,0.14285714285714285,0.0,0.11428571428571428,0.0,0.0,0.0,0.0,0.0,0.0,0.0,0.0,0.0,JUZ
0.045454545454545456,0.045454545454545456,0.0,0.18181818181818182,0.18181818181818182,0.09090909090909091,0.18181818181818182,0.13636363636363635,0.0,0.045454545454545456,0.0,0.0,0.045454545454545456,0.045454545454545456,0.0,0.0,0.0,0.0,0.0,0.0,0.0,0.0,0.0,0.0,JXA
0,0,0,0,0,0,0,0,0,0,0,0,0,0,0,0,0,0,0,0,0,0,0,0,JZH
0.0,0.1,0.0,0.0,0.1,0.0,0.15,0.15,0.15,0.05,0.15,0.1,0.05,0.0,0.0,0.0,0.0,0.0,0.0,0.0,0.0,0.0,0.0,0.0,KCA
0.0,0.16666666666666666,0.05555555555555555,0.2777777777777778,0.2777777777777778,0.05555555555555555,0.0,0.1111111111111111,0.05555555555555555,0.0,0.0,0.0,0.0,0.0,0.0,0.0,0.0,0.0,0.0,0.0,0.0,0.0,0.0,0.0,KGT
0.029411764705882353,0.029411764705882353,0.06862745098039216,0.058823529411764705,0.00980392156862745,0.0392156862745098,0.13725490196078433,0.11764705882352941,0.1568627450980392,0.08823529411764706,0.029411764705882353,0.049019607843137254,0.058823529411764705,0.058823529411764705,0.029411764705882353,0.0196078431372549,0.0,0.0,0.0,0.0,0.0,0.0,0.0,0.0196078431372549,KHG
0.06726457399103139,0.07623318385650224,0.061285500747384154,0.07922272047832586,0.07174887892376682,0.06427503736920777,0.07174887892376682,0.053811659192825115,0.061285500747384154,0.053811659192825115,0.05680119581464873,0.05082212257100149,0.0687593423019432,0.05082212257100149,0.03139013452914798,0.02391629297458894,0.0,0.0,0.0,0.0,0.0,0.0,0.02092675635276532,0.03587443946188341,KHN
0.0,0.0,0.0,0.0,0.125,0.0,0.25,0.125,0.0,0.125,0.0,0.25,0.0,0.125,0.0,0.0,0.0,0.0,0.0,0.0,0.0,0.0,0.0,0.0,KJH
0.1,0.13333333333333333,0.06666666666666667,0.06666666666666667,0.06666666666666667,0.03333333333333333,0.06666666666666667,0.03333333333333333,0.0,0.06666666666666667,0.06666666666666667,0.1,0.06666666666666667,0.03333333333333333,0.03333333333333333,0.0,0.0,0.0,0.0,0.0,0.0,0.0,0.0,0.06666666666666667,KJI
0.0605854322668482,0.053778080326752895,0.05105513955071477,0.06466984343090537,0.06943498978897208,0.059904697072838665,0.05445881552076242,0.05854322668481961,0.0673927842069435,0.06330837304288632,0.05105513955071477,0.05309734513274336,0.055820285908781485,0.04628999319264806,0.051735874744724304,0.044928522804629,0.0,0.0040844111640571815,0.0,0.0006807351940095302,0.0006807351940095302,0.0,0.033356024506466984,0.05513955071477195,KMG
0.01904761904761905,0.047619047619047616,0.10476190476190476,0.0761904761904762,0.05714285714285714,0.047619047619047616,0.0761904761904762,0.10476190476190476,0.0761904761904762,0.06666666666666667,0.0380952380952381,0.0761904761904762,0.08571428571428572,0.06666666666666667,0.01904761904761905,0.0,0.0,0.0,0.0,0.0,0.0,0.0,0.009523809523809525,0.02857142857142857,KOW
0.1388888888888889,0.04861111111111111,0.006944444444444444,0.041666666666666664,0.027777777777777776,0.09722222222222222,0.10416666666666667,0.1111111111111111,0.0763888888888889,0.05555555555555555,0.09027777777777778,0.027777777777777776,0.05555555555555555,0.04861111111111111,0.0,0.06944444444444445,0.0,0.0,0.0,0.0,0.0,0.0,0.0,0.0,KRL
0.021739130434782608,0.10869565217391304,0.021739130434782608,0.0,0.0,0.03260869565217391,0.10869565217391304,0.15217391304347827,0.16304347826086957,0.16304347826086957,0.06521739130434782,0.043478260869565216,0.03260869565217391,0.021739130434782608,0.03260869565217391,0.03260869565217391,0.0,0.0,0.0,0.0,0.0,0.0,0.0,0.0,KRY
0.0430939226519337,0.05414364640883978,0.06740331491712707,0.06519337016574586,0.07292817679558011,0.06298342541436464,0.061878453038674036,0.056353591160221,0.05966850828729282,0.07403314917127071,0.06298342541436464,0.05414364640883978,0.05303867403314917,0.051933701657458566,0.041988950276243095,0.04088397790055249,0.0011049723756906078,0.0,0.0,0.0,0.0,0.0011049723756906078,0.017679558011049725,0.057458563535911604,KWE
0.03956043956043956,0.046153846153846156,0.054945054945054944,0.1010989010989011,0.08131868131868132,0.12307692307692308,0.05934065934065934,0.07472527472527472,0.035164835164835165,0.04395604395604396,0.07912087912087912,0.06593406593406594,0.04835164835164835,0.046153846153846156,0.02197802197802198,0.02197802197802198,0.0,0.0,0.0,0.0,0.0,0.0,0.017582417582417582,0.03956043956043956,KWL
0.0,0.14285714285714285,0.07142857142857142,0.0,0.21428571428571427,0.0,0.14285714285714285,0.07142857142857142,0.0,0.0,0.0,0.0,0.0,0.14285714285714285,0.14285714285714285,0.0,0.0,0.0,0.0,0.0,0.0,0.0,0.0,0.07142857142857142,LCX
0.0,0.0,0.16666666666666666,0.16666666666666666,0.0,0.0,0.0,0.0,0.3333333333333333,0.3333333333333333,0.0,0.0,0.0,0.0,0.0,0.0,0.0,0.0,0.0,0.0,0.0,0.0,0.0,0.0,LDS
0.1,0.075,0.075,0.175,0.075,0.1,0.05,0.0,0.025,0.0,0.075,0.1,0.025,0.05,0.025,0.0,0.0,0.0,0.0,0.0,0.0,0.0,0.05,0.0,LFQ
0.025157232704402517,0.05660377358490566,0.06289308176100629,0.07924528301886792,0.07672955974842767,0.07672955974842767,0.07421383647798742,0.05408805031446541,0.07421383647798742,0.06037735849056604,0.09559748427672957,0.06415094339622641,0.052830188679245285,0.04025157232704402,0.027672955974842768,0.02012578616352201,0.0,0.0,0.0,0.0,0.0,0.0,0.01509433962264151,0.0440251572327044,LHW
0.060836501901140684,0.06844106463878327,0.08745247148288973,0.07604562737642585,0.09125475285171103,0.053231939163498096,0.053231939163498096,0.057034220532319393,0.045627376425855515,0.06463878326996197,0.06463878326996197,0.045627376425855515,0.060836501901140684,0.03802281368821293,0.03802281368821293,0.034220532319391636,0.0,0.0,0.0,0.0,0.0,0.0,0.011406844106463879,0.049429657794676805,LJG
0.0,0.0,0.0,0.2857142857142857,0.14285714285714285,0.0,0.07142857142857142,0.2857142857142857,0.07142857142857142,0.0,0.07142857142857142,0.07142857142857142,0.0,0.0,0.0,0.0,0.0,0.0,0.0,0.0,0.0,0.0,0.0,0.0,LLB
0.019230769230769232,0.07692307692307693,0.038461538461538464,0.057692307692307696,0.038461538461538464,0.07692307692307693,0.038461538461538464,0.09615384615384616,0.038461538461538464,0.1346153846153846,0.07692307692307693,0.0,0.057692307692307696,0.038461538461538464,0.1346153846153846,0.057692307692307696,0.0,0.0,0.0,0.0,0.0,0.0,0.019230769230769232,0.0,LLV
0.0,0.14285714285714285,0.07142857142857142,0.07142857142857142,0.14285714285714285,0.0,0.14285714285714285,0.21428571428571427,0.07142857142857142,0.14285714285714285,0.0,0.0,0.0,0.0,0.0,0.0,0.0,0.0,0.0,0.0,0.0,0.0,0.0,0.0,LNJ
0.125,0.0,0.0,0.25,0.25,0.09375,0.0625,0.0625,0.03125,0.0625,0.03125,0.0,0.0,0.0,0.0,0.0,0.0,0.0,0.0,0.0,0.0,0.0,0.0,0.03125,LNL
0.0,0.07142857142857142,0.10714285714285714,0.07142857142857142,0.03571428571428571,0.07142857142857142,0.21428571428571427,0.07142857142857142,0.07142857142857142,0.17857142857142858,0.07142857142857142,0.03571428571428571,0.0,0.0,0.0,0.0,0.0,0.0,0.0,0.0,0.0,0.0,0.0,0.0,LPF
0.03896103896103896,0.09090909090909091,0.025974025974025976,0.07792207792207792,0.03896103896103896,0.06493506493506493,0.05194805194805195,0.012987012987012988,0.11688311688311688,0.03896103896103896,0.11688311688311688,0.07792207792207792,0.03896103896103896,0.06493506493506493,0.03896103896103896,0.07792207792207792,0.0,0.0,0.0,0.0,0.0,0.0,0.0,0.025974025974025976,LUM
0.05572755417956656,0.08359133126934984,0.04643962848297214,0.058823529411764705,0.11455108359133127,0.09597523219814241,0.11455108359133127,0.0804953560371517,0.07739938080495357,0.07430340557275542,0.02476780185758514,0.04024767801857585,0.01238390092879257,0.04024767801857585,0.01238390092879257,0.030959752321981424,0.0,0.0,0.0,0.0,0.0,0.0,0.0,0.03715170278637771,LXA
0.04411764705882353,0.07352941176470588,0.1323529411764706,0.029411764705882353,0.014705882352941176,0.058823529411764705,0.058823529411764705,0.1323529411764706,0.11764705882352941,0.029411764705882353,0.04411764705882353,0.04411764705882353,0.04411764705882353,0.029411764705882353,0.11764705882352941,0.014705882352941176,0.0,0.0,0.0,0.0,0.0,0.0,0.0,0.014705882352941176,LYA
0.06611570247933884,0.1322314049586777,0.06611570247933884,0.03305785123966942,0.05785123966942149,0.04132231404958678,0.08264462809917356,0.0743801652892562,0.0743801652892562,0.024793388429752067,0.08264462809917356,0.08264462809917356,0.008264462809917356,0.049586776859504134,0.03305785123966942,0.024793388429752067,0.0,0.0,0.0,0.0,0.0,0.0,0.024793388429752067,0.04132231404958678,LYG
0.0481283422459893,0.0427807486631016,0.09090909090909091,0.0855614973262032,0.08021390374331551,0.0962566844919786,0.0748663101604278,0.03208556149732621,0.12834224598930483,0.09090909090909091,0.06951871657754011,0.0427807486631016,0.09090909090909091,0.0,0.0053475935828877,0.0,0.0,0.0,0.0,0.0,0.0,0.0,0.0053475935828877,0.016042780748663103,LYI
0.014925373134328358,0.04477611940298507,0.1791044776119403,0.1044776119402985,0.11940298507462686,0.07462686567164178,0.029850746268656716,0.04477611940298507,0.04477611940298507,0.029850746268656716,0.05970149253731343,0.05970149253731343,0.08955223880597014,0.029850746268656716,0.04477611940298507,0.014925373134328358,0.0,0.0,0.0,0.0,0.0,0.0,0.0,0.014925373134328358,LZH
0.0641025641025641,0.10256410256410256,0.0641025641025641,0.01282051282051282,0.038461538461538464,0.08974358974358974,0.08974358974358974,0.11538461538461539,0.07692307692307693,0.0,0.01282051282051282,0.038461538461538464,0.038461538461538464,0.11538461538461539,0.038461538461538464,0.038461538461538464,0.0,0.0,0.0,0.0,0.0,0.0,0.01282051282051282,0.05128205128205128,LZO
0.12727272727272726,0.2545454545454545,0.2727272727272727,0.05454545454545454,0.10909090909090909,0.10909090909090909,0.0,0.0,0.0,0.0,0.0,0.0,0.0,0.0,0.0,0.0,0.0,0.0,0.0,0.0,0.0,0.0,0.0,0.07272727272727272,LZY
0.0,0.0,0.09375,0.09375,0.0,0.0,0.1875,0.0625,0.125,0.0,0.0,0.0,0.34375,0.03125,0.03125,0.03125,0.0,0.0,0.0,0.0,0.0,0.0,0.0,0.0,MDG
0.01507537688442211,0.035175879396984924,0.04522613065326633,0.12562814070351758,0.07537688442211055,0.09045226130653267,0.09547738693467336,0.05025125628140704,0.035175879396984924,0.05527638190954774,0.07537688442211055,0.05527638190954774,0.035175879396984924,0.08040201005025126,0.05025125628140704,0.04020100502512563,0.0,0.0,0.0,0.0,0.0,0.0,0.0,0.04020100502512563,MIG
0.0,0.1,0.06666666666666667,0.1,0.1,0.0,0.0,0.03333333333333333,0.03333333333333333,0.03333333333333333,0.1,0.03333333333333333,0.06666666666666667,0.16666666666666666,0.1,0.03333333333333333,0.0,0.0,0.0,0.0,0.0,0.0,0.03333333333333333,0.0,MXZ
0.06666666666666667,0.022222222222222223,0.13333333333333333,0.08888888888888889,0.1111111111111111,0.044444444444444446,0.08888888888888889,0.044444444444444446,0.0,0.06666666666666667,0.044444444444444446,0.022222222222222223,0.08888888888888889,0.08888888888888889,0.044444444444444446,0.022222222222222223,0.0,0.0,0.0,0.0,0.0,0.0,0.0,0.022222222222222223,NAO
0.06470588235294118,0.06470588235294118,0.058823529411764705,0.058823529411764705,0.07058823529411765,0.06470588235294118,0.058823529411764705,0.052941176470588235,0.07647058823529412,0.07058823529411765,0.052941176470588235,0.058823529411764705,0.052941176470588235,0.052941176470588235,0.041176470588235294,0.041176470588235294,0.0,0.0,0.0,0.0,0.0,0.0,0.0,0.058823529411764705,NAY
0.0,0.0,0.0,0.05128205128205128,0.05128205128205128,0.28205128205128205,0.05128205128205128,0.05128205128205128,0.07692307692307693,0.0,0.1794871794871795,0.1794871794871795,0.02564102564102564,0.02564102564102564,0.02564102564102564,0.0,0.0,0.0,0.0,0.0,0.0,0.0,0.0,0.0,NBS
0.07142857142857142,0.07142857142857142,0.0,0.0,0.14285714285714285,0.14285714285714285,0.0,0.14285714285714285,0.14285714285714285,0.0,0.0,0.0,0.21428571428571427,0.07142857142857142,0.0,0.0,0.0,0.0,0.0,0.0,0.0,0.0,0.0,0.0,NDG
0.0423728813559322,0.07062146892655367,0.07344632768361582,0.05649717514124294,0.07909604519774012,0.0847457627118644,0.05649717514124294,0.05649717514124294,0.096045197740113,0.096045197740113,0.059322033898305086,0.05084745762711865,0.03389830508474576,0.03954802259887006,0.03672316384180791,0.01977401129943503,0.0,0.0,0.0,0.0,0.0,0.0,0.005649717514124294,0.0423728813559322,NGB
0.0,0.2727272727272727,0.7272727272727273,0.0,0.0,0.0,0.0,0.0,0.0,0.0,0.0,0.0,0.0,0.0,0.0,0.0,0.0,0.0,0.0,0.0,0.0,0.0,0.0,0.0,NGQ
0.06191687871077184,0.06361323155216285,0.06785411365564037,0.05767599660729432,0.07039864291772689,0.06191687871077184,0.06785411365564037,0.05173876166242578,0.07888040712468193,0.06361323155216285,0.061068702290076333,0.04919423240033927,0.05597964376590331,0.05767599660729432,0.04071246819338423,0.02714164546225615,0.0,0.0,0.0,0.0,0.0,0.0,0.016115351993214587,0.04664970313825276,NKG
0.0,0.0,0.0,0.8333333333333334,0.16666666666666666,0.0,0.0,0.0,0.0,0.0,0.0,0.0,0.0,0.0,0.0,0.0,0.0,0.0,0.0,0.0,0.0,0.0,0.0,0.0,NLH
0.14285714285714285,0.0,0.0,0.14285714285714285,0.07142857142857142,0.07142857142857142,0.07142857142857142,0.0,0.21428571428571427,0.0,0.07142857142857142,0.21428571428571427,0.0,0.0,0.0,0.0,0.0,0.0,0.0,0.0,0.0,0.0,0.0,0.0,NLT
0.06200317965023847,0.04451510333863275,0.06995230524642289,0.06836248012718601,0.034976152623211444,0.06359300476947535,0.07472178060413355,0.09379968203497616,0.034976152623211444,0.05405405405405406,0.06677265500794913,0.07154213036565978,0.05246422893481717,0.03179650238473768,0.0492845786963434,0.05246422893481717,0.0,0.0,0.0,0.0,0.0,0.0,0.00794912559618442,0.06677265500794913,NNG
0.0,0.11940298507462686,0.04477611940298507,0.04477611940298507,0.07462686567164178,0.11940298507462686,0.04477611940298507,0.07462686567164178,0.1044776119402985,0.04477611940298507,0.05970149253731343,0.07462686567164178,0.029850746268656716,0.05970149253731343,0.0,0.04477611940298507,0.0,0.0,0.0,0.0,0.0,0.0,0.04477611940298507,0.014925373134328358,NNY
0.05416666666666667,0.0875,0.004166666666666667,0.07083333333333333,0.0875,0.07083333333333333,0.0625,0.0625,0.03333333333333333,0.07916666666666666,0.07916666666666666,0.09583333333333334,0.1,0.0375,0.025,0.03333333333333333,0.0,0.0,0.0,0.0,0.0,0.0,0.0,0.016666666666666666,NTG
0.0,0.0,0.0,0.23076923076923078,0.2692307692307692,0.07692307692307693,0.0,0.07692307692307693,0.15384615384615385,0.0,0.0,0.0,0.11538461538461539,0.0,0.07692307692307693,0.0,0.0,0.0,0.0,0.0,0.0,0.0,0.0,0.0,NZH
0.0,0.25,0.0,0.0,0.0,0.0,0.125,0.0,0.25,0.125,0.0,0.125,0.125,0.0,0.0,0.0,0.0,0.0,0.0,0.0,0.0,0.0,0.0,0.0,NZL
0.0,0.0,0.0,0.2222222222222222,0.2222222222222222,0.0,0.0,0.3333333333333333,0.2222222222222222,0.0,0.0,0.0,0.0,0.0,0.0,0.0,0.0,0.0,0.0,0.0,0.0,0.0,0.0,0.0,OHE
0.043854231006794316,0.056207535515750466,0.05744286596664608,0.05003088326127239,0.05806053119209389,0.053119209388511425,0.05188387893761581,0.044471896232242125,0.0506485484867202,0.05188387893761581,0.055589870290302656,0.05806053119209389,0.06176652254478073,0.06300185299567634,0.06609017912291539,0.06361951822112415,0.0006176652254478073,0.0,0.0,0.0,0.0,0.0006176652254478073,0.05867819641754169,0.054354539839407044,PEK
0,0,0,0,0,0,0,0,0,0,0,0,0,0,0,0,0,0,0,0,0,0,0,0,PKX
0.05542168674698795,0.05622489959839357,0.060240963855421686,0.07068273092369477,0.04176706827309237,0.05140562248995984,0.05140562248995984,0.05542168674698795,0.05783132530120482,0.05461847389558233,0.06265060240963856,0.0642570281124498,0.05461847389558233,0.07228915662650602,0.06586345381526104,0.04497991967871486,0.0,0.0,0.0,0.0008032128514056225,0.0,0.0,0.030522088353413655,0.04899598393574297,PVG
0.057971014492753624,0.08695652173913043,0.0,0.043478260869565216,0.2318840579710145,0.17391304347826086,0.13043478260869565,0.15942028985507245,0.0,0.028985507246376812,0.057971014492753624,0.028985507246376812,0.0,0.0,0.0,0.0,0.0,0.0,0.0,0.0,0.0,0.0,0.0,0.0,PZI
0.07142857142857142,0.14285714285714285,0.10714285714285714,0.10714285714285714,0.21428571428571427,0.0,0.0,0.03571428571428571,0.07142857142857142,0.0,0.03571428571428571,0.0,0.0,0.07142857142857142,0.07142857142857142,0.07142857142857142,0.0,0.0,0.0,0.0,0.0,0.0,0.0,0.0,QSZ
0.0,0.0,1.0,0.0,0.0,0.0,0.0,0.0,0.0,0.0,0.0,0.0,0.0,0.0,0.0,0.0,0.0,0.0,0.0,0.0,0.0,0.0,0.0,0.0,RHT
0.0,0.028169014084507043,0.014084507042253521,0.11267605633802817,0.08450704225352113,0.07042253521126761,0.09859154929577464,0.08450704225352113,0.09859154929577464,0.07042253521126761,0.056338028169014086,0.09859154929577464,0.18309859154929578,0.0,0.0,0.0,0.0,0.0,0.0,0.0,0.0,0.0,0.0,0.0,RIZ
0.1111111111111111,0.2222222222222222,0.2777777777777778,0.0,0.05555555555555555,0.0,0.3333333333333333,0.0,0.0,0.0,0.0,0.0,0.0,0.0,0.0,0.0,0.0,0.0,0.0,0.0,0.0,0.0,0.0,0.0,RKZ
0.1,0.06666666666666667,0.13333333333333333,0.0,0.03333333333333333,0.0,0.1,0.0,0.0,0.03333333333333333,0.16666666666666666,0.16666666666666666,0.1,0.06666666666666667,0.0,0.0,0.0,0.0,0.0,0.0,0.0,0.0,0.0,0.03333333333333333,RLK
0.2727272727272727,0.09090909090909091,0.045454545454545456,0.2727272727272727,0.13636363636363635,0.0,0.0,0.0,0.045454545454545456,0.0,0.0,0.0,0.09090909090909091,0.045454545454545456,0.0,0.0,0.0,0.0,0.0,0.0,0.0,0.0,0.0,0.0,RQA
0.03815580286168521,0.06200317965023847,0.06200317965023847,0.05961844197138315,0.05564387917329094,0.06518282988871224,0.05643879173290938,0.06836248012718601,0.06200317965023847,0.06041335453100159,0.054848966613672494,0.06279809220985691,0.05961844197138315,0.05802861685214626,0.054848966613672494,0.046104928457869634,0.0,0.0,0.0,0.0,0.0,0.0,0.02782193958664547,0.046104928457869634,SHA
0.0440324449594438,0.05098493626882966,0.03707995365005794,0.056778679026651215,0.06025492468134415,0.07415990730011587,0.0776361529548088,0.06257242178447277,0.08342989571263036,0.07647740440324449,0.08458864426419467,0.07647740440324449,0.046349942062572425,0.0440324449594438,0.01738122827346466,0.05793742757821553,0.0,0.0,0.0,0.0,0.0,0.0,0.0011587485515643105,0.04866743916570104,SHE
0.04051172707889126,0.06183368869936034,0.04904051172707889,0.0511727078891258,0.057569296375266525,0.05970149253731343,0.06183368869936034,0.06823027718550106,0.06609808102345416,0.05970149253731343,0.05970149253731343,0.0767590618336887,0.057569296375266525,0.02771855010660981,0.04477611940298507,0.05543710021321962,0.0,0.0,0.0,0.0,0.0,0.0042643923240938165,0.014925373134328358,0.08315565031982942,SJW
0.025,0.25,0.125,0.0,0.05,0.15,0.15,0.05,0.0,0.025,0.0,0.05,0.025,0.0,0.0,0.0,0.0,0.0,0.0,0.0,0.0,0.0,0.0,0.1,SQD
0.1111111111111111,0.1111111111111111,0.2222222222222222,0.1111111111111111,0.0,0.0,0.05555555555555555,0.16666666666666666,0.05555555555555555,0.1111111111111111,0.05555555555555555,0.0,0.0,0.0,0.0,0.0,0.0,0.0,0.0,0.0,0.0,0.0,0.0,0.0,SQJ
0.03088803088803089,0.04633204633204633,0.04247104247104247,0.06563706563706563,0.10038610038610038,0.05791505791505792,0.09266409266409266,0.11969111969111969,0.07722007722007722,0.07722007722007722,0.03474903474903475,0.05405405405405406,0.06563706563706563,0.05405405405405406,0.023166023166023165,0.023166023166023165,0.0,0.0,0.0,0.0,0.0,0.0,0.0,0.03474903474903475,SWA
0.0,0.10344827586206896,0.0,0.034482758620689655,0.034482758620689655,0.034482758620689655,0.06896551724137931,0.034482758620689655,0.034482758620689655,0.10344827586206896,0.034482758620689655,0.0,0.06896551724137931,0.034482758620689655,0.10344827586206896,0.3103448275862069,0.0,0.0,0.0,0.0,0.0,0.0,0.0,0.0,SYM
0.048625792811839326,0.05919661733615222,0.040169133192389,0.040169133192389,0.0613107822410148,0.06765327695560254,0.0507399577167019,0.07188160676532769,0.10359408033826638,0.05708245243128964,0.048625792811839326,0.05496828752642706,0.05708245243128964,0.048625792811839326,0.05496828752642706,0.05919661733615222,0.0,0.0,0.0021141649048625794,0.0,0.0,0.0021141649048625794,0.02536997885835095,0.046511627906976744,SYX
0.056338028169014086,0.06028169014084507,0.056338028169014086,0.05577464788732395,0.06084507042253521,0.06028169014084507,0.05971830985915493,0.06535211267605634,0.044507042253521124,0.06084507042253521,0.0523943661971831,0.06084507042253521,0.06366197183098592,0.0552112676056338,0.061971830985915494,0.03774647887323944,0.0005633802816901409,0.0,0.0005633802816901409,0.0,0.0011267605633802818,0.0,0.03549295774647887,0.05014084507042253,SZX
0.04775828460038986,0.050682261208576995,0.06335282651072124,0.05360623781676413,0.06627680311890838,0.05165692007797271,0.050682261208576995,0.056530214424951264,0.04191033138401559,0.06335282651072124,0.06140350877192982,0.050682261208576995,0.04580896686159844,0.043859649122807015,0.042884990253411304,0.0594541910331384,0.0,0.0,0.0,0.0,0.0,0.0,0.07602339181286549,0.07407407407407407,TAO
0.0,0.11538461538461539,0.07692307692307693,0.038461538461538464,0.038461538461538464,0.038461538461538464,0.038461538461538464,0.15384615384615385,0.11538461538461539,0.0,0.038461538461538464,0.07692307692307693,0.038461538461538464,0.038461538461538464,0.15384615384615385,0.038461538461538464,0.0,0.0,0.0,0.0,0.0,0.0,0.0,0.0,TCG
0.07317073170731707,0.12195121951219512,0.0975609756097561,0.12195121951219512,0.024390243902439025,0.024390243902439025,0.12195121951219512,0.12195121951219512,0.0,0.0,0.0,0.0975609756097561,0.024390243902439025,0.024390243902439025,0.0,0.024390243902439025,0.0,0.0,0.0,0.0,0.0,0.0,0.0,0.12195121951219512,TCZ
0.0,0.10714285714285714,0.08928571428571429,0.0,0.05357142857142857,0.14285714285714285,0.07142857142857142,0.03571428571428571,0.08928571428571429,0.03571428571428571,0.0,0.08928571428571429,0.10714285714285714,0.10714285714285714,0.017857142857142856,0.0,0.0,0.0,0.0,0.0,0.0,0.0,0.0,0.05357142857142857,TEN
0.028985507246376812,0.13043478260869565,0.11594202898550725,0.043478260869565216,0.057971014492753624,0.07246376811594203,0.11594202898550725,0.14492753623188406,0.07246376811594203,0.057971014492753624,0.0,0.043478260869565216,0.043478260869565216,0.028985507246376812,0.014492753623188406,0.0,0.0,0.0,0.0,0.0,0.0,0.0,0.014492753623188406,0.014492753623188406,TGO
0.2777777777777778,0.05555555555555555,0.0,0.05555555555555555,0.16666666666666666,0.05555555555555555,0.1111111111111111,0.1111111111111111,0.05555555555555555,0.0,0.0,0.0,0.0,0.0,0.0,0.0,0.0,0.0,0.0,0.0,0.0,0.0,0.05555555555555555,0.05555555555555555,THQ
0.03636363636363636,0.07272727272727272,0.14545454545454545,0.05454545454545454,0.0,0.16363636363636364,0.16363636363636364,0.0,0.05454545454545454,0.12727272727272726,0.01818181818181818,0.0,0.01818181818181818,0.09090909090909091,0.05454545454545454,0.0,0.0,0.0,0.0,0.0,0.0,0.0,0.0,0.0,TLQ
0.03473491773308958,0.06855575868372943,0.0712979890310786,0.055758683729433274,0.06489945155393052,0.0712979890310786,0.06764168190127971,0.07038391224862889,0.07038391224862889,0.09049360146252285,0.0603290676416819,0.04570383912248629,0.04753199268738574,0.04296160877513711,0.03656307129798903,0.021937842778793418,0.0,0.0,0.0,0.0,0.0,0.0,0.021937842778793418,0.05758683729433273,TNA
0.0,0.16666666666666666,0.16666666666666666,0.0,0.0,0.0,0.0,0.0,0.3333333333333333,0.3333333333333333,0.0,0.0,0.0,0.0,0.0,0.0,0.0,0.0,0.0,0.0,0.0,0.0,0.0,0.0,TNH
0.058898847631242,0.06274007682458387,0.06530089628681178,0.07298335467349552,0.06017925736235595,0.06530089628681178,0.05377720870678617,0.06658130601792574,0.07298335467349552,0.05761843790012804,0.06274007682458387,0.05505761843790013,0.04481434058898848,0.04225352112676056,0.04481434058898848,0.024327784891165175,0.0,0.0,0.0,0.0,0.0,0.0,0.019206145966709345,0.07042253521126761,TSN
0.0,0.07692307692307693,0.07692307692307693,0.019230769230769232,0.019230769230769232,0.057692307692307696,0.057692307692307696,0.09615384615384616,0.057692307692307696,0.07692307692307693,0.09615384615384616,0.038461538461538464,0.1346153846153846,0.09615384615384616,0.038461538461538464,0.0,0.0,0.0,0.0,0.0,0.0,0.0,0.019230769230769232,0.038461538461538464,TVS
0.0,0.08333333333333333,0.08333333333333333,0.0,0.0,0.0,0.0,0.0,0.08333333333333333,0.16666666666666666,0.08333333333333333,0.0,0.08333333333333333,0.25,0.08333333333333333,0.08333333333333333,0.0,0.0,0.0,0.0,0.0,0.0,0.0,0.0,TWC
0.017241379310344827,0.0,0.06896551724137931,0.06896551724137931,0.06896551724137931,0.05172413793103448,0.15517241379310345,0.10344827586206896,0.034482758620689655,0.05172413793103448,0.034482758620689655,0.034482758620689655,0.08620689655172414,0.10344827586206896,0.08620689655172414,0.017241379310344827,0.0,0.0,0.0,0.0,0.0,0.0,0.017241379310344827,0.0,TXN
0.0,0.42857142857142855,0.0,0.0,0.14285714285714285,0.14285714285714285,0.14285714285714285,0.0,0.14285714285714285,0.0,0.0,0.0,0.0,0.0,0.0,0.0,0.0,0.0,0.0,0.0,0.0,0.0,0.0,0.0,TYC
0.05483405483405483,0.05916305916305916,0.03607503607503607,0.07503607503607504,0.06493506493506493,0.06637806637806638,0.08658008658008658,0.06349206349206349,0.04184704184704185,0.06637806637806638,0.08080808080808081,0.07215007215007214,0.05916305916305916,0.0707070707070707,0.03607503607503607,0.021645021645021644,0.0,0.001443001443001443,0.0,0.0,0.0,0.0,0.010101010101010102,0.03318903318903319,TYN
0.125,0.125,0.0,0.25,0.25,0.0,0.0,0.0,0.0,0.0,0.0,0.0,0.0,0.0,0.125,0.125,0.0,0.0,0.0,0.0,0.0,0.0,0.0,0.0,UCB
0.057971014492753624,0.056935817805383024,0.052795031055900624,0.060041407867494824,0.050724637681159424,0.052795031055900624,0.061076604554865424,0.06935817805383022,0.07246376811594203,0.06832298136645963,0.062111801242236024,0.051759834368530024,0.038302277432712216,0.060041407867494824,0.041407867494824016,0.047619047619047616,0.0,0.0,0.002070393374741201,0.0010351966873706005,0.0,0.0,0.032091097308488616,0.061076604554865424,URC
0.05970149253731343,0.06716417910447761,0.06716417910447761,0.08955223880597014,0.08955223880597014,0.08208955223880597,0.08208955223880597,0.07462686567164178,0.03731343283582089,0.03731343283582089,0.03731343283582089,0.029850746268656716,0.05970149253731343,0.03731343283582089,0.03731343283582089,0.03731343283582089,0.0,0.0,0.0,0.0,0.0,0.0,0.03731343283582089,0.03731343283582089,UYN
0.06521739130434782,0.10869565217391304,0.08695652173913043,0.05434782608695652,0.03260869565217391,0.03260869565217391,0.043478260869565216,0.06521739130434782,0.043478260869565216,0.06521739130434782,0.05434782608695652,0.08695652173913043,0.08695652173913043,0.05434782608695652,0.03260869565217391,0.010869565217391304,0.0,0.0,0.0,0.0,0.0,0.0,0.05434782608695652,0.021739130434782608,WDS
0.0,0.0,0.18181818181818182,0.18181818181818182,0.045454545454545456,0.13636363636363635,0.09090909090909091,0.045454545454545456,0.045454545454545456,0.18181818181818182,0.0,0.045454545454545456,0.0,0.0,0.0,0.0,0.0,0.0,0.0,0.0,0.0,0.0,0.0,0.045454545454545456,WEF
0.030303030303030304,0.11363636363636363,0.07575757575757576,0.030303030303030304,0.08333333333333333,0.06818181818181818,0.09090909090909091,0.09090909090909091,0.1590909090909091,0.007575757575757576,0.022727272727272728,0.015151515151515152,0.06060606060606061,0.05303030303030303,0.045454545454545456,0.0,0.0,0.0,0.0,0.0,0.0,0.0,0.022727272727272728,0.030303030303030304,WEH
0.14285714285714285,0.07142857142857142,0.0,0.03571428571428571,0.0,0.07142857142857142,0.21428571428571427,0.0,0.10714285714285714,0.0,0.03571428571428571,0.07142857142857142,0.03571428571428571,0.0,0.10714285714285714,0.03571428571428571,0.0,0.0,0.0,0.0,0.0,0.0,0.03571428571428571,0.03571428571428571,WGN
0.03296703296703297,0.054945054945054944,0.02197802197802198,0.08791208791208792,0.06593406593406594,0.054945054945054944,0.06593406593406594,0.14285714285714285,0.06593406593406594,0.08791208791208792,0.12087912087912088,0.054945054945054944,0.02197802197802198,0.06593406593406594,0.02197802197802198,0.0,0.0,0.0,0.0,0.0,0.0,0.0,0.0,0.03296703296703297,WMT
0.0,0.0,0.0,0.0,0.0,0.0,0.0,0.0,0.0,0.0,0.4,0.4,0.0,0.0,0.2,0.0,0.0,0.0,0.0,0.0,0.0,0.0,0.0,0.0,WNH
0.03434343434343434,0.04242424242424243,0.050505050505050504,0.06464646464646465,0.10101010101010101,0.08282828282828283,0.07474747474747474,0.052525252525252523,0.06060606060606061,0.0707070707070707,0.050505050505050504,0.05858585858585859,0.05656565656565657,0.050505050505050504,0.048484848484848485,0.03636363636363636,0.0,0.0,0.0,0.0,0.0,0.0,0.010101010101010102,0.05454545454545454,WNZ
0.037037037037037035,0.07407407407407407,0.037037037037037035,0.0,0.2962962962962963,0.037037037037037035,0.037037037037037035,0.18518518518518517,0.1111111111111111,0.0,0.0,0.037037037037037035,0.07407407407407407,0.07407407407407407,0.0,0.0,0.0,0.0,0.0,0.0,0.0,0.0,0.0,0.0,WUA
0.0741901776384535,0.07836990595611286,0.05956112852664577,0.05956112852664577,0.05956112852664577,0.06792058516196448,0.06896551724137931,0.0794148380355277,0.06478578892371996,0.06896551724137931,0.055381400208986416,0.06269592476489028,0.054336468129571575,0.04597701149425287,0.029258098223615466,0.018808777429467086,0.0,0.0,0.0,0.0,0.0,0.0,0.011494252873563218,0.04075235109717868,WUH
0.18181818181818182,0.12121212121212122,0.015151515151515152,0.030303030303030304,0.10606060606060606,0.0,0.06060606060606061,0.2878787878787879,0.06060606060606061,0.030303030303030304,0.015151515151515152,0.0,0.0,0.0,0.0,0.0,0.0,0.0,0.0,0.0,0.0,0.0,0.030303030303030304,0.06060606060606061,WUS
0.02040816326530612,0.04081632653061224,0.04081632653061224,0.10204081632653061,0.0,0.12244897959183673,0.02040816326530612,0.10204081632653061,0.20408163265306123,0.04081632653061224,0.10204081632653061,0.02040816326530612,0.08163265306122448,0.061224489795918366,0.02040816326530612,0.0,0.0,0.0,0.0,0.0,0.0,0.0,0.02040816326530612,0.0,WUT
0.03669724770642202,0.021406727828746176,0.09174311926605505,0.0672782874617737,0.07033639143730887,0.07951070336391437,0.0764525993883792,0.07033639143730887,0.04892966360856269,0.024464831804281346,0.03669724770642202,0.045871559633027525,0.08868501529051988,0.0764525993883792,0.03669724770642202,0.024464831804281346,0.0,0.0,0.0,0.0,0.0,0.0,0.027522935779816515,0.0764525993883792,WUX
0.0,0.0,0.05555555555555555,0.1111111111111111,0.05555555555555555,0.0,0.2777777777777778,0.2222222222222222,0.16666666666666666,0.1111111111111111,0.0,0.0,0.0,0.0,0.0,0.0,0.0,0.0,0.0,0.0,0.0,0.0,0.0,0.0,WUZ
0.0,0.13414634146341464,0.14634146341463414,0.036585365853658534,0.036585365853658534,0.04878048780487805,0.13414634146341464,0.13414634146341464,0.036585365853658534,0.012195121951219513,0.024390243902439025,0.036585365853658534,0.012195121951219513,0.07317073170731707,0.06097560975609756,0.0,0.0,0.0,0.0,0.0,0.0,0.0,0.012195121951219513,0.06097560975609756,WXN
0.1,0.02,0.1,0.06,0.02,0.06,0.02,0.1,0.1,0.04,0.02,0.04,0.06,0.1,0.08,0.02,0.0,0.0,0.0,0.0,0.0,0.0,0.0,0.06,XAI
0.02586206896551724,0.08620689655172414,0.07758620689655173,0.08620689655172414,0.034482758620689655,0.0603448275862069,0.07758620689655173,0.0603448275862069,0.07758620689655173,0.034482758620689655,0.07758620689655173,0.06896551724137931,0.07758620689655173,0.034482758620689655,0.017241379310344827,0.017241379310344827,0.0,0.0,0.0,0.0,0.0,0.0,0.05172413793103448,0.034482758620689655,XFN
0.0,0.09090909090909091,0.06493506493506493,0.03896103896103896,0.09090909090909091,0.2077922077922078,0.05194805194805195,0.1038961038961039,0.06493506493506493,0.1038961038961039,0.0,0.012987012987012988,0.025974025974025976,0.0,0.0,0.012987012987012988,0.0,0.0,0.0,0.0,0.0,0.0,0.06493506493506493,0.06493506493506493,XIC
0.02127659574468085,0.02127659574468085,0.1276595744680851,0.06382978723404255,0.0,0.06382978723404255,0.10638297872340426,0.1276595744680851,0.06382978723404255,0.06382978723404255,0.1702127659574468,0.0425531914893617,0.06382978723404255,0.02127659574468085,0.02127659574468085,0.0,0.0,0.0,0.0,0.0,0.0,0.0,0.0,0.02127659574468085,XIL
0.05483028720626632,0.05535248041775457,0.05065274151436031,0.05535248041775457,0.05535248041775457,0.06527415143603134,0.06684073107049608,0.062140992167101824,0.05953002610966057,0.04699738903394256,0.06579634464751959,0.05221932114882506,0.057441253263707574,0.04543080939947781,0.05117493472584857,0.0391644908616188,0.0,0.001566579634464752,0.0,0.0,0.0,0.0,0.051697127937336815,0.06318537859007833,XIY
0.0455005055611729,0.042467138523761376,0.04044489383215369,0.06167846309403438,0.06875631951466127,0.04853387259858443,0.0525783619817998,0.06066734074823053,0.06167846309403438,0.05965621840242669,0.06774519716885744,0.05055611729019211,0.044489383215369056,0.03842264914054601,0.054600606673407485,0.05864509605662285,0.0,0.0,0.0,0.0,0.0,0.0,0.06167846309403438,0.08190091001011122,XMN
0.0423728813559322,0.025423728813559324,0.1016949152542373,0.08050847457627118,0.05296610169491525,0.08898305084745763,0.07627118644067797,0.05084745762711865,0.059322033898305086,0.11016949152542373,0.0847457627118644,0.05296610169491525,0.0635593220338983,0.03177966101694915,0.025423728813559324,0.029661016949152543,0.0,0.0,0.0,0.0,0.0,0.0,0.00211864406779661,0.0211864406779661,XNN
0.0,0.05813953488372093,0.05232558139534884,0.1744186046511628,0.11046511627906977,0.011627906976744186,0.03488372093023256,0.0872093023255814,0.05813953488372093,0.13372093023255813,0.06395348837209303,0.06395348837209303,0.040697674418604654,0.040697674418604654,0.01744186046511628,0.01744186046511628,0.0,0.0,0.0,0.0,0.0,0.0,0.011627906976744186,0.023255813953488372,XUZ
0.014492753623188406,0.21739130434782608,0.043478260869565216,0.043478260869565216,0.028985507246376812,0.057971014492753624,0.057971014492753624,0.0,0.14492753623188406,0.08695652173913043,0.043478260869565216,0.028985507246376812,0.028985507246376812,0.014492753623188406,0.07246376811594203,0.057971014492753624,0.0,0.0,0.0,0.0,0.0,0.0,0.0,0.057971014492753624,YBP
0.07096774193548387,0.06451612903225806,0.08387096774193549,0.09032258064516129,0.12903225806451613,0.04516129032258064,0.05806451612903226,0.1032258064516129,0.04516129032258064,0.01935483870967742,0.05806451612903226,0.12903225806451613,0.01935483870967742,0.03870967741935484,0.0,0.0,0.0,0.0,0.0,0.0,0.0,0.0,0.0,0.04516129032258064,YCU
0.00980392156862745,0.058823529411764705,0.049019607843137254,0.0392156862745098,0.029411764705882353,0.08823529411764706,0.06862745098039216,0.10784313725490197,0.049019607843137254,0.029411764705882353,0.00980392156862745,0.12745098039215685,0.0784313725490196,0.18627450980392157,0.0392156862745098,0.0,0.0,0.0,0.0,0.0,0.0,0.0,0.029411764705882353,0.0,YIC
0.0,0.125,0.125,0.0,0.375,0.375,0.0,0.0,0.0,0.0,0.0,0.0,0.0,0.0,0.0,0.0,0.0,0.0,0.0,0.0,0.0,0.0,0.0,0.0,YIE
0.07738095238095238,0.08928571428571429,0.07738095238095238,0.05952380952380952,0.02976190476190476,0.07738095238095238,0.03571428571428571,0.08928571428571429,0.07738095238095238,0.05952380952380952,0.047619047619047616,0.03571428571428571,0.041666666666666664,0.06547619047619048,0.05357142857142857,0.011904761904761904,0.0,0.0,0.0,0.0,0.0,0.0,0.023809523809523808,0.047619047619047616,YIH
0.06896551724137931,0.04597701149425287,0.04597701149425287,0.05747126436781609,0.06896551724137931,0.022988505747126436,0.05747126436781609,0.09195402298850575,0.1724137931034483,0.10344827586206896,0.04597701149425287,0.034482758620689655,0.034482758620689655,0.10344827586206896,0.011494252873563218,0.022988505747126436,0.0,0.0,0.0,0.0,0.0,0.0,0.0,0.011494252873563218,YIN
0.09259259259259259,0.07407407407407407,0.05555555555555555,0.0,0.05555555555555555,0.09259259259259259,0.05555555555555555,0.05555555555555555,0.05555555555555555,0.05555555555555555,0.037037037037037035,0.037037037037037035,0.05555555555555555,0.1111111111111111,0.037037037037037035,0.07407407407407407,0.0,0.0,0.0,0.0,0.0,0.0,0.0,0.05555555555555555,YIW
0.0,0.03571428571428571,0.0,0.10714285714285714,0.07142857142857142,0.07142857142857142,0.0,0.0,0.03571428571428571,0.0,0.2857142857142857,0.39285714285714285,0.0,0.0,0.0,0.0,0.0,0.0,0.0,0.0,0.0,0.0,0.0,0.0,YKH
0.03773584905660377,0.018867924528301886,0.0,0.0,0.09433962264150944,0.1509433962264151,0.05660377358490566,0.05660377358490566,0.018867924528301886,0.24528301886792453,0.1509433962264151,0.05660377358490566,0.018867924528301886,0.0,0.018867924528301886,0.018867924528301886,0.0,0.0,0.0,0.0,0.0,0.0,0.0,0.05660377358490566,YNJ
0.026455026455026454,0.054673721340388004,0.06701940035273368,0.06172839506172839,0.09523809523809523,0.07054673721340388,0.059964726631393295,0.04409171075837742,0.059964726631393295,0.07760141093474426,0.10758377425044091,0.07054673721340388,0.0564373897707231,0.02821869488536155,0.015873015873015872,0.021164021164021163,0.0,0.0,0.0,0.0,0.0,0.001763668430335097,0.019400352733686066,0.06172839506172839,YNT
0.06172839506172839,0.07407407407407407,0.037037037037037035,0.012345679012345678,0.04938271604938271,0.07407407407407407,0.07407407407407407,0.1728395061728395,0.037037037037037035,0.06172839506172839,0.07407407407407407,0.07407407407407407,0.07407407407407407,0.06172839506172839,0.024691358024691357,0.0,0.0,0.0,0.0,0.0,0.0,0.0,0.0,0.037037037037037035,YNZ
0.07407407407407407,0.1111111111111111,0.07407407407407407,0.0,0.1111111111111111,0.0,0.14814814814814814,0.0,0.0,0.18518518518518517,0.07407407407407407,0.0,0.037037037037037035,0.07407407407407407,0.037037037037037035,0.037037037037037035,0.0,0.0,0.0,0.0,0.0,0.0,0.037037037037037035,0.0,YSQ
0.040697674418604654,0.046511627906976744,0.09302325581395349,0.14534883720930233,0.08139534883720931,0.029069767441860465,0.06395348837209303,0.03488372093023256,0.10465116279069768,0.0872093023255814,0.046511627906976744,0.08139534883720931,0.05232558139534884,0.029069767441860465,0.011627906976744186,0.011627906976744186,0.0,0.0,0.0,0.0,0.0,0.0,0.005813953488372093,0.03488372093023256,YTY
0,0,0,0,0,0,0,0,0,0,0,0,0,0,0,0,0,0,0,0,0,0,0,0,YUN
0.2,0.2,0.0,0.0,0.2,0.2,0.0,0.2,0.0,0.0,0.0,0.0,0.0,0.0,0.0,0.0,0.0,0.0,0.0,0.0,0.0,0.0,0.0,0.0,YUS
0.125,0.03125,0.125,0.03125,0.03125,0.09375,0.0625,0.1875,0.09375,0.0,0.0,0.09375,0.0,0.0625,0.03125,0.0,0.0,0.0,0.0,0.0,0.0,0.0,0.0,0.03125,YYA
0.0,0.0,0.0,0.0,0.0,0.0,0.0,0.0625,0.25,0.3125,0.25,0.0,0.0625,0.0625,0.0,0.0,0.0,0.0,0.0,0.0,0.0,0.0,0.0,0.0,YZY
0.038461538461538464,0.07692307692307693,0.07692307692307693,0.11538461538461539,0.11538461538461539,0.07692307692307693,0.07692307692307693,0.07692307692307693,0.07692307692307693,0.07692307692307693,0.0,0.0,0.07692307692307693,0.07692307692307693,0.038461538461538464,0.0,0.0,0.0,0.0,0.0,0.0,0.0,0.0,0.0,ZAT
0.015037593984962405,0.05263157894736842,0.045112781954887216,0.045112781954887216,0.06015037593984962,0.09022556390977443,0.05263157894736842,0.05263157894736842,0.06766917293233082,0.07518796992481203,0.07518796992481203,0.09774436090225563,0.015037593984962405,0.09774436090225563,0.07518796992481203,0.03759398496240601,0.0,0.0,0.0,0.0,0.0,0.0,0.0,0.045112781954887216,ZHA
0.027777777777777776,0.05555555555555555,0.16666666666666666,0.0,0.0,0.1111111111111111,0.16666666666666666,0.027777777777777776,0.0,0.05555555555555555,0.027777777777777776,0.027777777777777776,0.1111111111111111,0.05555555555555555,0.0,0.05555555555555555,0.0,0.0,0.0,0.0,0.0,0.0,0.0,0.1111111111111111,ZHY
0.125,0.3125,0.0625,0.0625,0.0625,0.0,0.0,0.0,0.0,0.0,0.375,0.0,0.0,0.0,0.0,0.0,0.0,0.0,0.0,0.0,0.0,0.0,0.0,0.0,ZQZ
0.05084745762711865,0.06779661016949153,0.06991525423728813,0.07203389830508475,0.06779661016949153,0.09110169491525423,0.08898305084745763,0.07203389830508475,0.07203389830508475,0.048728813559322036,0.07838983050847458,0.059322033898305086,0.04449152542372881,0.046610169491525424,0.03177966101694915,0.01694915254237288,0.0,0.0,0.0,0.0,0.0,0.0,0.00423728813559322,0.01694915254237288,ZUH
0.06382978723404255,0.10638297872340426,0.05319148936170213,0.0425531914893617,0.05319148936170213,0.05319148936170213,0.05319148936170213,0.0851063829787234,0.0425531914893617,0.06382978723404255,0.0425531914893617,0.031914893617021274,0.09574468085106383,0.0425531914893617,0.0425531914893617,0.031914893617021274,0.0,0.0,0.0,0.0,0.0,0.0,0.0425531914893617,0.05319148936170213,ZYI
